{
  "browserslist": ["last 3 versions", "Android >= 4.1", "ios >= 8"],
  "dependencies": {
    "@babel/runtime": "^7.7.7",
    "@tarojs/components": "3.2.9",
    "@tarojs/mini-runner": "3.2.9",
    "@tarojs/react": "3.2.9",
    "@tarojs/runtime": "3.2.9",
    "@tarojs/taro": "3.2.9",
    "mobx": "^4.8.0",
    "mobx-react": "^6.1.4",
    "react": "^16.14.0",
    "react-dom": "^16.14.0",
    "taro-ui": "^3.0.0-alpha.10"
  },
  "devDependencies": {
    "@babel/core": "^7.8.0",
    "@tarojs/cli": "3.2.9",
    "@tarojs/mini-runner": "3.2.9",
    "@tarojs/webpack-runner": "3.2.9",
    "@types/react": "^17.0.2",
    "babel-preset-taro": "3.2.9",
    "eslint-config-taro": "3.2.9"
  }
}
