{
  "config": {
    "title": "时光之穴",
    "description": "My awesome app using docz",
    "menu": [],
    "version": "0.0.38",
    "repository": false,
    "native": false,
    "codeSandbox": true,
    "themeConfig": {
      "codemirrorTheme": "solarized"
    },
    "separator": "-",
    "typescript": false,
    "theme": "docz-theme-umi",
    "htmlContext": {
      "head": {
        "links": [
          {
            "rel": "stylesheet",
            "href": "https://codemirror.net/theme/solarized.css"
          }
        ],
        "scripts": [
          {
            "src": "https://gw.alipayobjects.com/os/lib/react/16.8.6/umd/react.development.js"
          },
          {
            "src": "https://gw.alipayobjects.com/os/lib/react-dom/16.8.6/umd/react-dom.development.js"
          }
        ]
      }
    },
    "plugins": [
      {},
      {},
      {},
      {},
      {}
    ]
  },
  "props": [
    {
      "key": "src/picker/city/Popup.js",
      "value": [
        {
          "description": "",
          "displayName": "Index",
          "methods": [
            {
              "name": "handleChoice",
              "docblock": null,
              "modifiers": [],
              "params": [
                {
                  "name": "value",
                  "type": null
                },
                {
                  "name": "type",
                  "type": null
                }
              ],
              "returns": null
            },
            {
              "name": "handleTabClick",
              "docblock": null,
              "modifiers": [],
              "params": [
                {
                  "name": "tab",
                  "type": null
                }
              ],
              "returns": null
            }
          ],
          "actualName": "Index"
        }
      ]
    }
  ],
  "entries": [
    {
      "key": "src/index.mdx",
      "value": {
        "name": "介绍",
        "route": "/",
        "order": -1,
        "sidebar": true,
        "id": "6576455a124f9aaefd860597f03a8fe4",
        "filepath": "src/index.mdx",
        "link": "",
        "slug": "src-index",
        "menu": "",
        "headings": [
          {
            "slug": "时光之穴",
            "depth": 3,
            "value": "时光之穴"
          },
          {
            "slug": "安装",
            "depth": 2,
            "value": "安装"
          }
        ]
      }
    },
    {
      "key": "src/core/index.mdx",
      "value": {
        "name": "Core",
        "route": "/core",
        "order": 4,
        "menu": "核心",
        "sidebar": true,
        "id": "a349eae51469f59922f9395def79920f",
        "filepath": "src/core/index.mdx",
        "link": "",
        "slug": "src-core-index",
        "headings": []
      }
    },
    {
      "key": "src/page/index.mdx",
      "value": {
        "name": "Page",
        "route": "/page",
        "order": 4,
        "menu": "布局",
        "sidebar": true,
        "id": "cf79b2dd897539c95d64a98dae8806f1",
        "filepath": "src/page/index.mdx",
        "link": "",
        "slug": "src-page-index",
        "headings": []
      }
    },
    {
      "key": "src/searchForm/index.mdx",
      "value": {
        "name": "SearchForm",
        "route": "/searchForm",
        "order": 5,
        "menu": "Form",
        "sidebar": true,
        "id": "988e7a3ef4addcaecb34cffcd16afea2",
        "filepath": "src/searchForm/index.mdx",
        "link": "",
        "slug": "src-search-form-index",
        "headings": [
          {
            "slug": "基于hooks的表单构建方案",
            "depth": 1,
            "value": "基于hooks的表单构建方案"
          },
          {
            "slug": "使用",
            "depth": 2,
            "value": "使用"
          },
          {
            "slug": "实现方案",
            "depth": 2,
            "value": "实现方案"
          },
          {
            "slug": "1-config-（syncbailhook-同步订阅-只要订阅函数有一个返回值-即可结束-以后执行后面的）",
            "depth": 3,
            "value": "1. config （SyncBailHook 同步订阅 只要订阅函数有一个返回值 即可结束 以后执行后面的）"
          },
          {
            "slug": "2-install",
            "depth": 3,
            "value": "2. install"
          },
          {
            "slug": "3默认插件",
            "depth": 3,
            "value": "3.默认插件"
          },
          {
            "slug": "4-make",
            "depth": 3,
            "value": "4. make"
          },
          {
            "slug": "5-layout",
            "depth": 3,
            "value": "5. layout"
          },
          {
            "slug": "6-validator",
            "depth": 3,
            "value": "6. validator"
          },
          {
            "slug": "7-submit",
            "depth": 3,
            "value": "7. submit"
          },
          {
            "slug": "其他处理",
            "depth": 4,
            "value": "其他处理"
          },
          {
            "slug": "例子",
            "depth": 2,
            "value": "例子"
          }
        ]
      }
    },
    {
      "key": "src/tabLayout/index.mdx",
      "value": {
        "name": "TabLayout",
        "route": "/tlayout",
        "order": 3,
        "sidebar": true,
        "menu": "布局",
        "id": "49fec202a71b7c7250bcfa451cba788e",
        "filepath": "src/tabLayout/index.mdx",
        "link": "",
        "slug": "src-tab-layout-index",
        "headings": [
          {
            "slug": "tablayout",
            "depth": 2,
            "value": "TabLayout"
          }
        ]
      }
    },
    {
      "key": "src/picker/city/index.mdx",
      "value": {
        "name": "CityPicker",
        "route": "/city",
        "order": 1,
        "menu": "基础组件",
        "sidebar": true,
        "id": "2fb5552321e7153a410ca329564e327f",
        "filepath": "src/picker/city/index.mdx",
        "link": "",
        "slug": "src-picker-city-index",
        "headings": [
          {
            "slug": "citypicker",
            "depth": 1,
            "value": "CityPicker"
          },
          {
            "slug": "使用方法",
            "depth": 2,
            "value": "使用方法"
          },
          {
            "slug": "api",
            "depth": 2,
            "value": "API"
          }
        ]
      }
    }
  ]
}
