{
  "config": {
    "title": "标果组件库",
    "description": "My awesome app using docz",
    "menu": [],
    "version": "1.0.0",
    "repository": false,
    "native": false,
    "codeSandbox": true,
    "themeConfig": {
      "mode": "dark",
      "logo": {
        "src": "https://wxapptop.oss-cn-beijing.aliyuncs.com/upload_pic/z19122001/12718_ico.jpg"
      }
    },
    "separator": "-",
    "typescript": false,
    "theme": "docz-theme-ztopia",
    "notUseSpecifiers": true,
    "plugins": [
      {},
      {},
      {},
      {},
      {},
      {},
      {}
    ]
  },
  "props": [
    {
      "key": "packages/react-no-repeat-hoc/re-demo.js",
      "value": [
        {
          "description": "",
          "displayName": "ReDemo",
          "methods": [],
          "actualName": "ReDemo"
        }
      ]
    }
  ],
  "entries": [
    {
      "key": "doc.mdx",
      "value": {
        "name": "1. 快速开始",
        "route": "/",
        "id": "bc4464e8c5b1bc214702181c2140b0a4",
        "filepath": "doc.mdx",
        "link": "",
        "slug": "doc",
        "menu": "",
        "headings": [
          {
            "slug": "标果组件库",
            "depth": 1,
            "value": "标果组件库"
          },
          {
            "slug": "readme",
            "depth": 2,
            "value": "ReadMe"
          },
          {
            "slug": "操作指南",
            "depth": 2,
            "value": "操作指南"
          }
        ]
      }
    },
    {
      "key": "packages/h5-uploader/doc.mdx",
      "value": {
        "name": "h5-uploader h5项目上传",
        "menu": "CLI",
        "route": "/h5-uploader",
        "id": "b1695b5d711bf4a526312b92b6ff150d",
        "filepath": "packages/h5-uploader/doc.mdx",
        "link": "",
        "slug": "packages-h5-uploader-doc",
        "headings": [
          {
            "slug": "h5项目上传七牛发布",
            "depth": 1,
            "value": "h5项目上传七牛发布"
          }
        ]
      }
    },
    {
      "key": "packages/http-proxy/doc.mdx",
      "value": {
        "name": "http请求代理工具",
        "menu": "CLI",
        "route": "/http-proxy",
        "id": "9f0f625b5a78cabd4ddeb9adf0ed67bf",
        "filepath": "packages/http-proxy/doc.mdx",
        "link": "",
        "slug": "packages-http-proxy-doc",
        "headings": [
          {
            "slug": "http请求代理工具",
            "depth": 1,
            "value": "http请求代理工具"
          }
        ]
      }
    },
    {
      "key": "packages/img-compress/doc.mdx",
      "value": {
        "name": "img-compress 图片压缩",
        "menu": "通用",
        "route": "/img-compress",
        "id": "a565baa3ab507de52cc24c5214b5245a",
        "filepath": "packages/img-compress/doc.mdx",
        "link": "",
        "slug": "packages-img-compress-doc",
        "headings": [
          {
            "slug": "图片压缩库基于canvas",
            "depth": 1,
            "value": "图片压缩库(基于canvas)"
          },
          {
            "slug": "demo",
            "depth": 2,
            "value": "Demo"
          },
          {
            "slug": "api",
            "depth": 2,
            "value": "API"
          }
        ]
      }
    },
    {
      "key": "packages/img-prev/doc.mdx",
      "value": {
        "name": "img-prev 图片预览",
        "menu": "React组件",
        "route": "/img-prev",
        "id": "277dbe060955fbce2d5114f1a9f88e4c",
        "filepath": "packages/img-prev/doc.mdx",
        "link": "",
        "slug": "packages-img-prev-doc",
        "headings": [
          {
            "slug": "图片预览组件",
            "depth": 1,
            "value": "图片预览组件"
          },
          {
            "slug": "demo",
            "depth": 2,
            "value": "Demo"
          },
          {
            "slug": "props",
            "depth": 2,
            "value": "Props"
          }
        ]
      }
    },
    {
      "key": "packages/request/doc.mdx",
      "value": {
        "name": "通用请求处理库 request",
        "menu": "通用",
        "route": "/request",
        "id": "e78a4229558a1661e5827b991671c376",
        "filepath": "packages/request/doc.mdx",
        "link": "",
        "slug": "packages-request-doc",
        "headings": [
          {
            "slug": "通用请求处理库",
            "depth": 1,
            "value": "通用请求处理库"
          },
          {
            "slug": "demo",
            "depth": 2,
            "value": "Demo"
          },
          {
            "slug": "qa",
            "depth": 2,
            "value": "Q&A"
          }
        ]
      }
    },
    {
      "key": "packages/taro-uploader/doc.mdx",
      "value": {
        "name": "taro文件上传",
        "menu": "Taro",
        "route": "/taro-uploader",
        "id": "b233a1777aefde3747136d20d5863364",
        "filepath": "packages/taro-uploader/doc.mdx",
        "link": "",
        "slug": "packages-taro-uploader-doc",
        "headings": [
          {
            "slug": "tarouploader",
            "depth": 3,
            "value": "taroUploader"
          },
          {
            "slug": "微信小程序taro框架-上传图片-库",
            "depth": 3,
            "value": "微信小程序taro框架 上传图片 库"
          },
          {
            "slug": "方法",
            "depth": 4,
            "value": "方法"
          },
          {
            "slug": "使用",
            "depth": 4,
            "value": "使用"
          }
        ]
      }
    },
    {
      "key": "packages/vue-no-repeat-hoc/doc.mdx",
      "value": {
        "name": "防重提交HOC",
        "menu": "Vue组件",
        "route": "/vue-no-repeat-hoc",
        "tag": "vue, no-repeat",
        "id": "a7749f55e222d4602191532395a3dc58",
        "filepath": "packages/vue-no-repeat-hoc/doc.mdx",
        "link": "",
        "slug": "packages-vue-no-repeat-hoc-doc",
        "headings": [
          {
            "slug": "防重提交vue-no-repeat-mixins",
            "depth": 1,
            "value": "防重提交vue-no-repeat-mixins"
          },
          {
            "slug": "demo",
            "depth": 2,
            "value": "Demo"
          },
          {
            "slug": "vue-demo-用法",
            "depth": 3,
            "value": "vue demo 用法"
          }
        ]
      }
    },
    {
      "key": "packages/react-no-repeat-hoc/doc.mdx",
      "value": {
        "name": "防重提交HOC",
        "menu": "React组件",
        "route": "/react-no-repeat-hoc",
        "tags": null,
        "id": "25d97ccbeff492847acf13b883f15b6b",
        "filepath": "packages/react-no-repeat-hoc/doc.mdx",
        "link": "",
        "slug": "packages-react-no-repeat-hoc-doc",
        "headings": [
          {
            "slug": "防重提交react-no-repeat-hoc",
            "depth": 1,
            "value": "防重提交react-no-repeat-hoc"
          },
          {
            "slug": "demo",
            "depth": 2,
            "value": "Demo"
          },
          {
            "slug": "react-demo用法基于hoc",
            "depth": 3,
            "value": "react demo用法(基于hoc)"
          }
        ]
      }
    },
    {
      "key": "packages/wechat-robot-webpack-plugin/doc.mdx",
      "value": {
        "name": "微信机器人消息插件",
        "menu": "Webpack Plugin",
        "route": "/wechat-robot-webpack-plugin",
        "id": "3b108bad2a8f62bc6fc7be62094560e4",
        "filepath": "packages/wechat-robot-webpack-plugin/doc.mdx",
        "link": "",
        "slug": "packages-wechat-robot-webpack-plugin-doc",
        "headings": [
          {
            "slug": "webpack-微信机器人消息插件",
            "depth": 1,
            "value": "webpack 微信机器人消息插件"
          },
          {
            "slug": "demo",
            "depth": 1,
            "value": "DEMO"
          }
        ]
      }
    },
    {
      "key": "packages/helper/src/doc.mdx",
      "value": {
        "name": "通用helper方法 (暂未维护，请勿使用)",
        "menu": "通用",
        "route": "/helper",
        "tags": null,
        "id": "224e94e5926861ad510ccc9c9862431e",
        "filepath": "packages/helper/src/doc.mdx",
        "link": "",
        "slug": "packages-helper-src-doc",
        "headings": [
          {
            "slug": "帮助方法helper",
            "depth": 1,
            "value": "帮助方法helper"
          },
          {
            "slug": "demo",
            "depth": 2,
            "value": "Demo"
          }
        ]
      }
    },
    {
      "key": "packages/qc-menber/src/doc.mdx",
      "value": {
        "name": "质检员",
        "menu": "CLI",
        "route": "/qc-menber",
        "id": "3fdb99b93ec6e11ae20e12fccb91431a",
        "filepath": "packages/qc-menber/src/doc.mdx",
        "link": "",
        "slug": "packages-qc-menber-src-doc",
        "headings": [
          {
            "slug": "质检员",
            "depth": 1,
            "value": "质检员"
          },
          {
            "slug": "结合husky在commit前验证代码规范及commit-msg规范",
            "depth": 1,
            "value": "结合husky在commit前验证代码规范及commit msg规范"
          }
        ]
      }
    }
  ]
}
